gender,age,like_spicy,like_sweet,like_sour,like_veg,accept_raw,accept_cold,accept_stinky,accept_hard,accept_light,Chuan,Yue,Xiang,JiangZhe,Japanese,Korean,Western,SoutheastAsia,Salad,Xiangguo,Suancaiyu,Donut,BoiledVeg,Baiqieji,Sushi,Malatang,KoreanChick,Dongyingong,Chashao,BBQ,MushroomSoup,Luwei,Tart,Hongshaorou,Hamburger,Shiguobanfan,Baozaifan,Pidanshourouzhou,Sashimi,Steak,Pizza,IceCream,Pudding,Xinjiangchaofen,Xiaolongbao,Suanlafen,Xiaomizhou,Luosifen
0,C,0,1,1,1,1,1,1,1,1,0,1,0,1,0,0,0,0,1,3,3,1,0,3,1,5,5,0,3,1,5,5,5,5,5,3,5,3,2,3,4,4,3,0,5,4,5,1
0,C,1,1,0,1,0,1,0,0,1,0,0,0,1,0,0,0,0,0,3,5,1,3,3,3,3,1,3,3,5,5,5,5,3,1,3,3,5,0,3,1,5,3,0,3,3,3,0
0,C,0,0,0,0,0,1,0,0,1,0,1,0,0,0,0,0,1,4,3,5,1,2,4,2,3,3,3,3,3,5,4,2,3,4,3,3,3,0,3,3,4,4,2,3,0,5,0
0,C,0,1,0,0,0,0,0,0,1,0,0,0,1,0,0,0,0,5,1,3,3,3,0,3,0,0,3,3,3,3,3,3,3,3,3,3,5,1,3,5,1,3,0,5,0,5,0
1,A,0,0,0,0,0,1,0,0,1,0,0,0,1,0,0,0,0,2,1,2,4,3,4,2,1,5,3,5,3,2,4,5,3,5,3,4,2,0,4,3,3,3,0,5,1,0,0
0,C,0,1,0,1,0,1,1,1,1,1,1,1,1,0,1,1,1,3,3,4,4,1,3,2,3,4,3,3,3,3,3,4,3,4,4,4,3,0,3,3,5,5,0,3,3,2,3
0,C,0,0,1,1,0,0,0,1,1,0,1,1,1,0,1,1,1,5,2,5,2,3,4,2,2,2,2,2,3,3,3,1,2,2,2,2,3,2,3,3,2,2,2,4,2,5,2
0,D,1,0,1,0,1,1,1,1,0,1,0,0,0,0,0,1,1,4,4,0,3,2,4,0,3,3,5,4,4,5,4,3,3,4,4,4,3,2,5,5,2,3,3,3,4,2,3
1,C,0,1,0,0,1,1,1,1,1,0,1,0,1,0,0,1,0,4,4,5,5,3,3,3,2,4,0,5,4,4,3,4,5,5,4,4,5,4,5,4,5,3,3,5,3,5,0
1,B,0,1,0,0,0,1,1,0,1,0,1,0,1,0,0,0,0,4,3,3,2,3,4,4,2,3,2,4,3,4,4,4,4,3,3,3,3,2,4,3,4,4,2,4,3,4,2
0,C,1,0,0,1,1,1,1,1,1,1,1,1,0,1,1,1,0,3,3,3,0,4,5,5,3,2,2,2,2,2,3,4,1,4,4,3,2,5,5,3,4,2,0,0,2,2,4
1,A,1,1,1,0,1,1,1,1,1,1,0,0,0,0,0,0,0,5,5,5,4,4,4,3,5,4,3,3,4,3,4,4,3,5,4,4,4,4,5,4,4,5,4,4,4,4,3
0,A,0,1,1,0,0,0,0,1,1,1,0,0,1,0,0,0,0,4,4,5,3,2,4,3,3,3,3,4,4,4,5,4,4,3,4,4,3,1,3,3,4,4,3,4,2,3,3
0,A,1,1,1,0,0,1,1,1,1,1,1,1,0,0,0,0,0,5,5,5,5,5,5,5,5,5,5,5,5,5,5,5,5,5,5,5,5,5,5,5,5,5,5,5,5,5,5
1,C,1,1,1,0,1,1,1,1,1,1,1,1,1,1,1,1,1,5,5,5,3,3,5,4,3,3,3,5,5,4,5,3,4,3,3,3,4,5,5,4,4,3,3,4,3,3,2
0,D,0,0,0,1,0,1,1,1,1,0,1,0,1,1,0,0,1,5,3,5,5,5,3,5,3,3,3,5,5,5,5,5,5,5,5,5,5,3,5,5,5,5,3,5,3,5,3
0,C,1,1,1,0,0,1,1,1,1,1,0,0,1,0,0,0,0,3,4,4,3,3,4,3,4,3,3,3,4,4,4,4,4,3,3,3,4,3,3,3,4,4,4,4,4,4,4
1,B,0,1,0,0,0,1,0,0,1,0,1,0,1,0,0,1,1,3,1,3,4,4,0,2,1,4,5,5,4,5,3,5,5,4,3,2,1,0,5,5,5,3,0,5,5,5,0
1,C,1,1,1,0,1,1,1,1,1,1,1,1,1,1,1,1,1,3,3,3,3,3,3,3,3,3,3,3,4,3,4,3,4,3,3,3,3,3,3,3,3,3,3,3,3,3,3
1,C,0,1,1,0,0,1,0,0,1,0,1,1,0,0,0,0,0,4,4,4,3,3,3,3,3,3,1,3,3,3,3,4,4,3,4,4,3,0,2,3,4,4,1,3,3,4,3
0,B,1,0,1,0,0,1,1,1,1,1,0,1,1,0,1,1,0,4,4,4,0,2,3,3,3,3,1,1,5,5,3,2,2,4,4,4,4,1,5,3,5,2,1,1,5,1,2
0,C,1,1,0,1,0,0,1,0,1,0,1,1,0,0,0,0,0,3,1,4,4,5,2,3,2,2,3,3,2,5,4,3,4,3,5,5,5,0,3,4,3,2,4,5,4,4,3
1,C,0,1,1,0,1,1,0,1,1,0,0,0,1,1,0,1,0,2,1,5,2,4,5,5,2,4,1,4,5,5,5,5,5,5,4,5,5,4,5,5,5,5,3,4,2,3,0
1,D,1,0,1,0,1,1,1,0,1,1,1,1,1,1,1,0,1,3,3,4,0,0,4,3,2,0,4,3,4,4,4,0,4,1,3,4,4,3,2,1,3,0,3,4,4,5,0
1,C,1,1,1,0,0,0,0,1,1,0,1,0,0,0,0,1,1,5,3,5,3,4,5,3,4,3,5,5,3,5,4,5,2,5,3,3,3,3,5,4,3,4,3,4,1,3,0
0,C,0,1,0,1,0,1,0,0,1,0,0,0,1,0,0,0,0,2,1,2,3,3,3,2,2,1,1,3,2,3,3,3,5,2,1,2,5,1,3,2,2,1,1,3,2,5,1
1,D,1,0,1,1,1,0,1,1,1,1,1,1,1,1,1,0,0,5,3,3,3,5,5,5,2,2,4,2,2,4,3,3,3,3,4,4,5,4,4,4,3,4,0,5,3,5,3
1,A,1,1,0,0,0,1,1,1,1,0,0,0,1,0,1,1,0,1,3,4,5,1,5,4,4,5,1,5,5,2,4,4,4,5,3,3,2,1,5,4,5,5,0,4,3,1,0
1,D,1,0,0,1,1,1,1,1,1,1,1,1,0,1,0,0,0,5,5,5,3,4,4,4,2,3,4,4,2,5,4,4,4,4,4,4,2,4,3,3,3,3,3,3,3,2,4
0,B,1,1,1,0,1,1,1,1,1,1,0,1,0,1,0,1,0,1,3,4,2,1,1,3,2,3,0,1,5,0,3,0,4,3,3,1,2,3,5,4,4,4,2,4,3,1,1
0,C,0,0,0,1,1,1,1,1,1,1,0,1,0,1,1,1,0,3,3,4,2,2,4,5,3,3,4,3,5,3,5,3,3,3,5,5,5,5,5,5,5,3,3,3,3,5,4
0,C,0,0,0,0,1,1,1,0,1,0,0,1,0,1,1,1,0,4,3,5,4,4,3,4,3,3,2,2,3,5,4,4,3,3,4,5,5,4,4,4,4,4,3,5,5,5,3
0,A,0,1,0,0,1,1,1,1,1,0,0,0,1,0,1,1,0,5,2,2,4,3,3,3,2,3,3,3,3,3,3,3,3,5,3,3,3,3,5,5,5,5,3,4,3,3,3
0,A,0,1,0,0,0,1,1,0,1,0,1,1,1,1,1,1,0,5,2,2,5,2,4,5,2,5,2,5,5,5,5,5,5,5,5,5,5,5,5,5,5,5,1,5,1,2,2
1,A,1,1,1,0,0,1,1,1,1,1,1,1,1,0,0,1,1,3,5,5,5,5,5,5,4,5,4,5,5,5,5,5,5,5,5,5,5,0,5,5,5,5,5,5,5,5,3
1,D,0,1,0,1,1,1,0,1,1,0,0,0,1,0,0,0,0,3,3,3,3,4,3,3,2,1,2,4,2,4,3,3,5,4,4,4,3,3,4,5,3,3,2,5,3,5,1
1,B,1,1,0,0,1,1,1,0,1,0,1,0,1,1,1,1,0,3,2,4,3,2,2,4,2,3,0,3,3,3,3,5,5,4,3,3,3,4,2,4,5,5,1,5,0,3,0
0,A,0,0,1,0,1,1,1,1,0,0,0,0,1,0,0,0,0,5,0,5,1,2,4,3,4,3,0,0,2,1,5,3,3,3,0,3,4,3,4,1,4,1,0,4,1,0,0
0,C,1,0,1,0,1,1,1,1,1,1,1,1,1,1,0,1,1,3,2,3,2,4,4,2,2,1,3,2,2,3,2,1,2,2,2,2,3,3,3,3,1,2,2,3,3,3,3
0,C,1,1,0,0,0,1,1,1,1,1,0,1,1,0,0,0,0,2,4,5,2,0,5,3,5,2,5,2,5,5,5,3,4,3,3,3,3,2,5,3,3,3,3,3,5,5,5
1,B,1,0,0,0,1,1,1,1,1,1,0,1,1,1,0,1,0,2,3,4,1,1,3,2,3,3,3,2,5,4,4,2,4,3,3,3,4,3,4,2,5,1,4,2,2,1,3
0,C,0,0,0,1,1,1,1,0,1,0,0,0,0,0,0,0,0,5,4,3,0,3,4,4,3,0,3,4,4,4,4,3,3,1,4,5,5,4,4,4,5,4,3,3,3,5,4
1,D,1,0,0,0,1,1,1,1,1,1,0,1,1,1,0,0,0,3,3,3,0,3,5,4,3,3,3,1,1,3,3,3,3,3,3,3,3,5,1,3,3,1,1,3,1,3,1
0,C,0,1,0,0,0,1,1,1,1,0,1,0,1,0,0,1,0,2,3,3,1,2,4,4,3,4,3,4,4,3,4,4,5,5,4,3,4,0,5,5,5,5,2,5,1,3,0
1,A,1,1,0,0,0,1,1,0,1,0,1,0,1,0,1,1,0,3,4,4,5,0,2,5,4,4,0,2,2,4,4,5,5,5,5,5,3,0,5,5,5,5,0,5,0,2,0
0,B,0,1,1,1,0,0,0,0,1,1,0,1,1,0,1,1,0,4,4,4,4,2,4,1,4,2,2,2,4,4,2,4,4,2,4,4,4,2,4,4,4,4,4,4,4,4,0
1,D,0,0,0,0,0,0,0,0,1,0,0,0,1,0,0,0,0,3,3,5,3,3,4,2,2,3,4,4,3,4,4,3,4,4,4,4,5,2,4,4,3,3,2,4,3,4,2
0,C,1,1,1,1,1,1,1,1,1,1,0,1,1,1,0,1,0,5,5,3,4,3,3,4,2,2,2,3,2,4,1,3,4,1,2,3,0,5,4,1,3,3,1,3,3,3,4
0,B,0,1,1,0,0,1,0,0,1,0,1,1,1,0,1,1,0,5,4,2,3,3,4,4,4,4,1,5,3,1,5,4,5,3,4,4,5,1,4,4,4,5,1,5,0,5,0
1,B,1,1,1,0,1,1,1,1,1,1,1,1,1,1,1,1,1,3,3,3,3,3,4,3,3,3,4,4,5,4,4,5,5,5,3,5,4,3,4,3,3,3,3,5,3,3,4
0,A,1,1,1,0,0,1,1,1,1,1,0,1,0,0,1,1,1,5,5,5,1,2,1,1,5,5,3,2,5,5,1,5,5,1,5,5,5,0,5,2,5,3,5,5,5,5,5
0,A,1,1,0,0,1,1,1,1,0,1,0,0,0,1,1,0,1,1,5,3,1,0,0,2,5,5,4,5,5,5,5,4,5,5,3,3,3,3,5,4,5,3,4,5,4,0,3
0,C,1,0,1,0,1,1,1,1,1,1,1,1,1,1,1,1,1,3,4,4,0,1,4,4,4,4,2,4,4,4,4,3,4,3,4,4,4,4,4,4,3,3,2,3,3,3,4
0,A,0,1,1,1,1,1,1,0,1,0,1,0,1,0,0,1,0,5,2,4,5,4,3,5,3,5,3,5,5,4,5,5,4,5,5,5,5,0,5,5,5,5,0,4,4,4,4
1,C,1,0,0,0,0,1,1,1,1,1,0,1,0,0,0,0,0,1,4,4,2,1,3,1,4,3,0,2,4,4,4,3,3,2,2,3,2,1,3,2,3,3,0,3,3,3,1
0,C,0,0,0,1,0,0,0,0,1,0,0,0,1,1,0,1,0,4,2,4,3,3,4,3,3,4,4,3,3,5,4,3,4,3,3,4,4,3,5,5,2,2,2,3,2,4,0
1,A,0,1,0,0,1,1,0,0,1,0,1,1,1,1,1,1,0,3,0,0,1,3,3,5,3,5,3,5,5,3,2,5,5,5,5,5,3,5,5,5,5,3,3,5,3,2,0
1,A,1,0,0,0,1,1,1,1,1,1,1,1,1,1,1,1,1,1,5,5,1,0,3,5,3,3,3,4,5,3,3,3,3,4,4,4,1,5,4,4,5,3,0,4,5,2,2
1,A,0,1,0,0,0,1,1,0,1,0,1,0,1,0,1,1,0,3,2,3,5,2,4,4,3,3,1,4,4,1,4,4,3,4,2,5,2,1,5,4,5,5,0,4,0,3,0
0,B,0,1,0,0,1,1,0,0,1,0,1,0,1,0,0,1,0,4,0,0,2,3,3,3,1,2,1,4,2,2,2,4,4,4,4,4,4,1,4,4,2,4,0,4,0,4,0
1,A,0,1,0,0,0,1,1,1,1,0,1,0,1,0,1,1,0,4,0,2,5,0,4,2,4,5,2,4,5,4,4,5,3,5,4,3,3,0,5,5,5,5,0,4,0,3,0
1,A,1,1,0,0,0,1,1,1,1,0,0,1,1,0,0,1,0,3,5,5,5,3,3,3,5,5,3,5,5,3,5,3,3,3,3,3,3,0,5,5,5,5,3,3,4,2,3
0,C,1,0,0,1,0,0,1,1,1,1,0,1,0,0,0,0,0,3,5,5,1,4,2,3,5,3,2,2,5,5,4,5,2,3,4,4,4,1,5,3,5,5,3,4,5,5,5
0,A,0,0,1,0,0,0,0,0,1,0,1,1,1,0,0,1,0,5,0,4,3,5,5,5,0,0,1,4,3,5,5,5,5,5,5,5,5,0,5,3,0,3,0,4,0,4,0
0,C,0,0,1,1,0,1,1,0,1,0,0,1,1,0,1,1,0,4,1,3,0,5,5,4,2,4,3,2,1,5,5,2,2,3,4,4,5,3,5,4,5,3,1,5,3,5,4
1,A,0,1,0,0,1,1,1,1,1,0,1,0,1,1,1,1,1,2,3,4,2,2,4,3,4,5,3,3,5,4,4,3,4,4,4,5,5,5,5,5,5,5,1,5,4,5,5
0,C,1,0,1,0,1,1,1,1,1,1,1,1,1,1,1,1,1,3,3,4,3,2,4,3,3,3,3,4,4,5,4,3,5,4,4,4,5,5,4,4,4,5,4,4,5,3,5
0,C,1,0,0,0,0,1,1,1,1,1,1,1,1,0,0,1,0,3,3,4,3,3,3,3,4,3,3,4,3,4,4,4,4,4,4,4,4,2,4,4,4,4,3,4,3,4,3
0,C,1,0,1,1,1,0,1,1,1,0,1,0,0,0,0,1,0,3,3,3,0,5,4,3,2,0,2,3,2,3,3,1,3,2,2,2,2,3,3,2,1,3,2,3,2,3,0
0,C,1,1,0,0,1,1,0,0,1,0,1,0,0,1,0,1,0,5,2,4,4,5,4,4,3,4,3,5,3,5,4,4,4,4,5,5,4,4,4,4,5,5,4,5,4,5,4
1,C,0,0,0,0,0,1,1,0,1,1,1,0,1,0,0,0,0,2,2,2,2,2,2,2,2,2,2,2,2,2,2,2,2,2,2,2,2,2,2,2,2,2,2,2,2,2,2
0,C,0,1,1,1,1,1,1,0,1,0,1,0,1,1,0,1,1,5,2,5,3,3,3,5,3,3,3,5,4,5,5,5,5,4,3,4,4,5,3,3,4,5,3,5,3,5,2
0,B,1,1,1,1,0,1,1,1,1,1,0,1,0,0,1,1,0,4,5,3,3,4,2,4,5,3,3,3,4,5,4,3,3,3,4,4,5,2,4,2,3,3,3,3,4,5,2
0,C,1,1,1,0,0,1,1,0,1,1,1,1,1,0,1,0,1,5,5,5,3,4,1,2,4,1,4,5,3,4,5,3,4,3,4,5,3,0,3,1,5,2,2,4,4,3,2
0,C,1,1,1,0,0,1,1,1,1,1,1,1,1,1,1,1,1,5,5,5,4,5,5,4,4,4,4,3,3,3,3,3,3,3,4,4,5,3,5,4,3,3,3,3,4,5,5
1,C,1,1,1,0,0,1,1,1,1,1,0,0,1,0,0,0,0,5,5,5,3,3,3,3,3,3,5,5,5,5,5,4,4,3,5,5,5,3,5,3,3,3,3,5,5,5,5
0,D,0,0,0,1,1,1,1,0,1,1,1,1,1,1,1,1,1,5,5,5,5,5,5,5,5,5,5,5,5,5,5,5,5,5,5,5,5,5,5,5,5,5,5,5,5,5,5
0,C,1,1,0,0,0,1,0,0,1,0,1,1,1,0,0,0,0,3,3,4,2,1,4,3,3,2,2,4,3,4,4,2,3,2,3,3,3,3,3,2,3,3,3,3,3,3,0
1,C,0,0,0,0,1,1,1,0,1,0,0,0,1,1,1,1,1,4,3,4,2,3,2,2,1,3,0,2,3,4,4,2,3,3,4,4,4,5,5,4,3,3,0,3,0,4,0
0,B,1,0,0,0,1,1,1,1,1,1,1,1,0,1,1,1,1,3,3,1,1,4,4,5,5,4,5,3,3,1,4,4,4,4,5,4,2,5,5,5,5,5,3,4,5,1,0
0,B,0,1,1,0,1,1,1,1,1,0,1,0,1,1,1,0,0,2,4,4,3,3,5,3,5,3,3,4,4,4,3,5,3,3,4,4,1,3,3,4,5,5,3,3,4,3,1
0,C,1,0,1,0,0,1,1,1,1,1,0,0,1,0,1,0,1,4,4,4,2,2,2,3,4,4,3,4,4,4,4,4,4,2,4,4,4,2,4,3,4,2,3,4,4,4,3
0,C,1,0,1,1,1,1,1,1,1,1,0,1,0,1,0,1,0,0,5,5,0,2,5,5,5,5,0,0,5,5,5,2,0,2,2,2,3,5,2,5,5,2,3,3,5,5,5
0,C,0,0,0,1,1,0,0,0,1,0,1,0,0,0,0,0,0,4,1,4,0,3,3,3,0,2,0,2,3,3,5,3,5,3,4,5,2,3,3,4,1,0,2,3,3,5,3
0,D,1,1,1,0,1,1,1,1,1,1,1,0,1,1,0,1,0,3,3,4,1,2,3,4,2,4,4,2,2,4,4,3,0,2,3,0,4,3,4,4,4,2,3,4,4,3,4
1,D,0,1,0,0,0,1,1,0,1,0,0,0,1,0,0,0,0,3,3,5,2,3,3,2,2,3,3,3,3,3,4,3,4,2,3,4,3,1,3,2,4,3,1,4,2,4,1
1,D,0,0,0,0,1,1,1,0,1,1,1,1,1,0,1,1,0,3,3,3,3,3,5,3,2,3,3,5,2,1,2,3,1,2,2,2,2,2,1,2,2,2,3,1,2,1,3
0,C,0,0,0,0,1,1,1,0,1,0,0,0,1,0,0,0,0,4,0,3,3,3,4,3,1,2,2,3,3,4,3,3,3,3,4,4,5,4,3,3,4,3,0,4,0,4,0
1,D,0,1,1,0,1,1,1,1,1,0,1,0,1,1,1,1,0,3,0,3,4,3,5,5,0,3,5,5,5,5,5,5,5,5,5,5,5,5,5,5,5,5,0,5,0,4,0
0,C,0,1,1,1,0,0,1,1,1,1,1,0,1,1,1,1,0,3,4,5,3,4,4,4,4,2,3,3,3,5,3,3,3,2,4,4,5,3,4,4,2,2,1,3,3,4,2
0,B,1,1,1,0,1,1,1,1,1,1,0,1,1,1,1,1,0,3,4,5,1,0,4,4,5,5,0,2,4,3,3,4,3,2,3,3,3,3,3,3,4,4,0,3,5,1,3
0,C,1,0,0,1,1,1,1,1,1,1,1,1,1,1,1,1,1,3,3,3,2,2,3,2,3,3,3,3,3,3,3,3,3,3,3,3,3,3,3,3,3,3,3,3,3,3,3
0,C,0,0,1,1,0,0,1,0,1,0,1,0,1,0,0,1,1,3,1,3,3,3,5,4,1,2,4,4,2,4,4,3,3,3,4,3,5,1,4,3,1,4,0,5,1,5,2
0,C,0,1,0,0,0,1,1,1,0,1,1,1,1,0,1,1,1,5,5,5,5,5,5,5,5,5,3,5,5,5,5,5,5,5,5,5,5,0,5,5,5,5,3,4,3,5,3
0,B,1,1,1,0,1,1,1,1,1,1,1,0,1,1,1,1,0,3,5,5,5,3,5,5,5,5,4,5,5,5,3,5,5,5,5,5,5,4,5,5,5,5,4,5,5,3,5
1,D,0,1,0,1,1,0,0,0,1,0,0,0,1,0,0,0,0,3,3,3,0,3,3,3,3,3,5,3,1,5,3,3,3,3,3,3,5,3,5,3,3,3,1,3,1,3,0
1,C,0,1,0,1,0,1,1,0,1,1,0,1,1,0,1,1,0,3,3,5,3,3,5,5,3,3,4,4,2,5,3,3,4,3,4,4,4,3,5,3,5,3,0,5,1,3,1
0,D,0,0,0,0,0,0,0,0,1,0,1,0,1,1,1,1,1,3,3,4,2,3,3,4,2,2,4,4,3,4,4,3,4,1,2,3,4,3,3,3,2,3,4,3,3,4,3
0,C,1,1,1,0,1,1,1,0,1,0,1,1,1,0,1,1,1,5,4,5,4,4,4,5,5,5,4,4,5,5,5,5,5,5,5,5,5,3,4,5,5,5,3,5,5,4,5
0,C,1,1,1,1,0,0,0,0,1,0,1,1,1,0,1,0,1,3,3,5,5,5,5,4,2,2,5,5,3,5,3,1,5,3,5,5,4,0,3,3,3,2,1,4,1,5,0
0,D,1,0,0,0,1,1,1,1,1,1,0,1,1,0,0,1,0,3,5,4,3,2,3,3,4,3,2,3,3,4,3,3,4,4,2,3,3,3,4,3,4,3,5,4,3,3,3
0,C,0,0,0,1,0,0,1,0,1,0,0,0,1,0,0,1,0,5,2,4,2,2,3,5,2,3,4,3,2,4,4,4,5,2,4,4,5,2,4,4,1,2,2,4,2,5,2
0,C,0,0,0,1,0,1,1,0,1,0,1,0,1,0,1,1,0,3,0,4,2,4,4,3,3,3,3,4,4,5,5,5,4,4,4,4,5,3,5,5,4,4,0,5,4,5,0
0,B,1,0,1,1,1,1,1,1,1,1,1,1,0,1,1,1,1,2,2,4,0,1,0,3,5,4,3,1,5,1,4,3,3,2,0,0,5,2,0,3,4,1,4,5,5,3,4
0,C,1,1,0,0,1,1,1,1,1,1,0,1,0,1,1,0,0,5,3,4,4,2,5,3,3,0,0,3,4,4,3,4,4,3,4,4,1,5,2,3,3,4,0,1,5,3,5
1,D,0,1,1,1,1,0,0,1,1,0,0,0,1,0,0,0,0,5,1,1,1,5,5,5,0,1,5,2,1,2,2,2,2,2,2,2,2,2,2,2,1,1,1,1,1,2,0
0,D,0,0,0,0,0,1,0,0,0,0,0,0,1,0,0,0,0,4,4,4,4,4,4,4,4,4,4,4,4,4,4,4,4,4,4,4,4,4,4,4,4,4,4,4,4,4,4
0,C,0,1,1,0,1,1,1,1,1,0,1,0,1,0,0,0,0,5,2,2,2,2,2,2,2,2,2,2,5,2,2,5,5,2,2,2,2,2,5,3,3,0,0,3,3,3,0
1,C,1,1,1,0,0,1,1,0,1,0,0,0,1,0,0,1,0,3,4,5,4,3,4,3,3,4,2,3,4,4,4,4,5,4,3,3,4,0,5,5,5,3,3,3,2,4,1
0,C,1,1,1,1,1,1,1,1,1,1,1,1,1,1,1,1,1,5,5,5,3,3,5,4,5,5,5,5,5,5,5,4,5,5,5,5,5,5,5,5,5,5,3,5,4,5,3
0,C,1,0,1,0,0,0,0,0,1,1,1,1,1,0,0,1,0,4,4,4,3,3,4,3,3,3,3,4,3,4,4,4,4,4,4,4,4,3,4,4,3,3,3,4,4,4,3
1,D,1,0,1,1,0,0,0,0,1,1,1,1,1,1,1,0,0,2,2,4,0,2,3,1,3,1,0,2,1,2,3,2,3,1,3,2,3,2,2,1,3,2,2,2,2,2,0
0,D,0,1,1,1,1,1,1,0,1,0,1,0,1,1,1,1,1,4,1,4,3,4,5,5,1,2,5,4,3,5,4,3,3,3,3,3,3,5,5,3,3,3,2,3,2,5,2
0,C,0,0,0,0,1,1,0,0,1,0,1,0,1,1,0,1,0,3,2,4,1,2,3,3,2,3,1,3,3,4,4,3,4,3,2,3,4,3,4,3,4,3,0,3,3,2,1
1,B,1,1,1,0,0,1,0,1,1,1,1,1,0,0,1,1,0,3,4,4,3,3,2,3,4,3,2,3,4,3,3,5,4,3,4,4,3,2,4,3,5,3,3,4,4,3,2
1,D,0,0,1,0,1,0,1,1,1,1,1,0,1,1,0,1,0,5,4,4,3,4,3,4,3,4,3,5,4,5,5,4,5,4,4,4,5,5,5,4,2,2,2,4,2,5,3
0,C,1,1,1,0,1,1,1,1,1,0,1,0,1,0,0,0,0,5,4,2,5,0,4,4,4,2,2,5,4,4,4,1,5,0,1,1,1,4,5,1,5,0,0,0,0,5,0
0,C,1,1,0,0,0,1,1,1,1,1,1,1,0,0,0,0,0,3,3,5,3,3,5,3,4,3,4,4,3,4,4,3,5,3,2,4,4,2,3,2,4,2,2,4,4,2,4
1,D,1,1,0,0,1,1,0,0,1,1,1,1,1,1,1,1,1,5,3,3,1,3,3,1,1,3,0,3,1,1,5,3,3,3,3,3,3,5,5,3,3,3,3,3,1,5,1
0,B,0,0,0,0,0,1,1,0,1,0,1,0,0,1,0,0,1,3,2,2,3,3,4,4,2,3,4,4,4,5,4,4,3,3,3,3,4,3,4,3,4,4,0,4,3,3,3
0,C,1,1,1,0,1,1,1,0,1,1,0,0,0,0,0,0,0,4,5,5,3,2,3,2,4,2,0,1,4,4,4,3,2,2,0,0,4,3,3,3,4,4,0,2,3,2,1
1,B,1,0,0,0,1,1,1,1,1,1,1,1,1,1,0,1,0,1,4,4,1,2,4,3,4,3,1,4,5,3,3,2,4,3,0,3,2,4,4,3,2,2,3,4,3,2,4
0,C,0,1,1,1,0,1,0,0,1,0,1,0,1,0,0,1,0,3,1,5,1,5,1,3,1,1,3,4,3,3,1,1,3,3,1,3,0,0,5,1,5,1,0,3,3,3,0
0,C,1,0,0,0,1,1,1,1,1,0,1,0,1,1,0,1,0,3,3,4,0,1,3,4,1,1,2,2,3,5,3,3,3,0,1,3,2,5,5,2,3,2,3,4,1,3,2
1,D,0,0,0,0,1,1,1,1,1,1,1,1,1,0,0,0,0,2,2,3,2,2,3,2,2,2,1,2,3,5,5,4,5,3,5,5,3,5,5,2,5,2,5,5,4,5,3
0,C,0,1,1,0,0,1,0,0,1,0,1,0,1,0,0,1,0,3,2,4,3,0,5,3,2,0,0,2,2,5,3,4,5,3,3,4,5,2,4,4,5,5,0,5,3,5,2
0,C,1,0,0,0,1,0,1,1,1,1,1,1,1,1,1,1,1,3,3,3,1,1,3,3,1,2,3,2,1,4,3,1,3,1,3,4,3,3,4,2,2,1,2,2,2,3,2
0,C,0,0,0,1,0,1,0,0,1,0,0,0,1,0,0,0,0,4,4,3,2,5,4,4,3,0,2,1,1,3,2,3,2,1,3,2,2,2,3,1,1,2,0,1,1,2,0
0,D,1,1,1,0,1,1,1,1,1,1,1,1,1,1,0,1,0,4,3,3,1,2,2,2,2,2,2,2,2,3,3,2,3,3,3,3,3,4,3,4,3,2,1,2,3,3,2
0,C,1,1,1,0,1,1,1,1,1,1,1,1,0,1,0,1,1,5,5,5,5,5,5,5,5,5,5,5,5,5,5,5,5,5,5,5,5,5,5,5,5,3,4,5,4,4,5
1,B,0,1,1,0,0,1,1,1,1,1,1,1,1,1,1,1,1,3,5,5,2,3,4,4,4,3,3,3,4,4,5,3,4,4,3,4,3,1,3,3,5,5,3,3,2,3,2
1,D,0,0,0,0,1,0,0,1,1,1,0,0,1,0,0,0,0,2,3,4,1,2,3,1,3,1,1,1,4,4,4,2,4,2,4,4,4,2,2,2,2,2,3,4,3,4,3
0,C,0,1,1,1,0,1,0,0,1,0,1,1,1,1,1,1,1,5,3,5,5,3,4,3,3,4,4,5,4,5,5,5,5,4,4,5,4,3,4,4,4,4,3,5,3,4,1
1,C,0,0,0,0,0,0,0,0,1,0,0,0,1,0,0,0,0,3,3,3,3,3,3,3,3,3,3,3,3,3,3,3,3,3,3,3,4,3,3,3,3,3,3,3,3,4,2
0,C,0,0,0,0,1,1,1,0,1,0,0,0,1,1,1,1,0,3,3,3,1,4,4,5,2,4,3,4,3,5,4,3,4,5,4,4,5,5,5,4,3,4,3,5,3,5,3
0,C,0,0,1,0,1,1,1,1,1,1,0,1,1,0,0,0,0,2,5,5,2,1,3,2,3,1,3,3,2,3,3,3,5,2,2,2,3,4,2,2,4,4,0,3,3,2,3
0,C,0,0,0,0,0,0,0,0,1,0,1,0,1,0,0,0,0,2,2,3,1,1,2,2,1,1,2,2,2,2,3,3,4,3,4,4,2,3,4,3,0,2,0,3,1,3,0
0,C,1,1,1,0,0,1,0,1,1,1,1,1,1,0,0,1,0,3,3,3,4,3,3,1,2,2,1,3,4,3,3,4,4,4,3,4,3,0,3,4,4,3,4,4,4,3,3
0,B,0,1,1,0,1,1,1,1,1,0,1,0,0,1,0,0,0,3,0,3,2,2,2,5,4,3,4,4,4,3,4,3,4,3,3,4,4,4,4,4,5,5,0,4,4,3,4
1,C,0,0,0,0,1,1,1,1,1,0,1,0,1,0,0,1,0,1,4,5,0,4,4,1,2,0,1,0,1,2,3,0,2,0,1,1,3,1,5,1,4,0,0,4,0,4,1
0,D,1,0,0,1,1,1,1,1,1,0,1,0,0,0,0,0,0,3,3,3,3,5,3,3,1,1,3,3,1,5,5,3,3,3,3,3,3,3,3,3,3,3,1,3,3,5,3
1,C,0,0,0,0,1,1,0,1,1,1,1,1,1,1,1,1,1,3,3,3,3,3,3,3,3,3,3,3,3,3,3,3,4,3,4,4,4,5,4,3,3,3,3,3,3,3,3
1,C,1,1,0,0,1,1,1,1,1,1,0,0,0,0,0,0,0,3,5,5,1,2,2,2,5,2,2,3,4,1,5,3,5,5,5,5,5,5,5,3,3,3,5,5,2,5,1
0,C,1,1,1,1,0,1,1,1,1,1,0,1,0,1,0,1,0,3,5,5,3,5,3,5,5,3,3,3,4,5,3,5,4,4,3,4,5,5,5,3,4,4,0,5,5,5,5
0,D,1,1,1,0,1,1,1,1,1,1,1,1,1,1,1,1,1,5,5,5,5,5,5,5,5,5,5,5,5,5,5,5,5,5,5,5,5,5,5,5,5,5,5,5,5,5,5
0,C,1,1,0,0,1,1,1,1,1,1,1,1,1,1,1,1,1,5,5,5,3,3,3,5,3,2,5,5,5,5,5,5,3,3,5,3,3,5,5,3,2,3,2,2,3,3,3
1,C,1,0,0,1,0,0,0,1,1,0,0,1,0,1,0,1,0,3,3,3,0,3,3,0,3,3,3,3,0,3,3,0,3,0,0,3,0,3,3,0,0,0,0,3,0,3,0
1,C,1,0,1,0,1,1,1,0,1,1,1,1,1,0,0,0,0,5,5,5,3,4,4,3,4,3,4,5,5,5,5,3,3,3,3,4,4,4,3,3,3,3,3,4,4,5,3
0,C,0,1,1,1,0,0,0,0,1,0,0,1,1,0,0,0,0,2,3,3,3,1,1,1,3,1,1,0,1,4,1,3,3,2,3,3,3,0,2,3,3,2,0,3,3,3,0
0,D,0,0,0,0,0,1,0,0,1,0,0,0,0,0,0,0,0,2,1,3,1,5,2,2,0,1,0,3,2,5,3,3,5,3,2,2,5,3,3,3,3,2,0,3,0,5,0
0,D,1,0,1,0,1,1,1,1,1,1,1,1,1,1,1,1,1,3,3,5,1,2,3,3,5,3,4,4,2,3,5,1,2,1,1,3,4,5,5,3,3,2,2,3,5,4,4
0,B,1,1,1,1,1,1,0,1,1,1,1,1,0,1,1,1,1,4,4,1,1,4,3,3,4,4,3,2,2,0,2,2,2,2,4,2,2,3,4,3,5,4,3,3,2,2,0
0,C,1,1,1,1,0,0,1,1,1,1,0,1,1,0,0,1,1,5,4,5,2,3,0,3,3,0,3,3,2,4,3,0,3,3,3,3,4,0,4,4,1,3,3,4,3,4,4
1,C,1,0,1,1,0,0,1,1,1,1,1,1,1,0,0,0,0,5,5,5,0,3,5,1,1,1,1,1,2,3,2,0,5,1,5,5,5,1,3,0,1,0,0,3,3,5,0
0,D,0,0,1,1,1,0,0,0,1,0,0,1,1,0,1,1,0,3,3,5,3,4,5,5,1,5,5,5,3,5,5,5,5,3,3,3,5,3,5,3,3,3,3,3,1,5,1
1,D,1,0,1,0,1,1,0,1,1,1,1,0,1,1,0,1,0,3,4,4,0,2,4,2,4,3,2,4,5,4,5,3,5,3,3,3,5,5,4,3,4,3,0,5,4,3,0
0,C,0,1,1,0,1,1,1,1,1,0,1,0,1,1,0,1,1,5,0,3,3,3,5,5,3,3,5,5,5,5,5,5,5,3,3,5,5,5,5,5,3,3,0,3,0,3,4
1,D,1,0,0,0,1,0,1,1,1,1,0,1,1,0,0,0,0,0,5,5,0,0,3,3,5,0,0,0,5,4,4,4,4,0,5,5,5,5,5,1,1,1,0,4,3,3,1
1,C,1,0,1,0,0,1,1,1,0,1,0,1,0,0,0,0,0,1,5,5,1,3,1,0,5,3,4,4,5,5,5,2,5,2,3,1,4,0,4,1,4,2,0,3,5,3,5
0,B,0,1,1,0,0,1,0,1,1,0,1,0,1,0,0,1,0,2,0,2,4,3,5,1,1,4,2,5,3,5,4,5,5,5,4,4,5,0,5,3,3,4,0,5,0,3,0
0,B,0,1,0,0,1,1,0,0,1,0,0,0,1,1,1,1,0,3,1,1,4,3,2,4,1,3,2,4,4,4,3,4,4,4,4,0,3,4,4,4,4,4,1,3,1,4,1
0,D,1,1,1,0,0,0,0,0,1,1,1,1,1,1,0,1,0,3,3,3,1,3,2,5,2,2,4,4,4,3,5,4,5,3,2,3,2,0,5,3,2,2,2,3,2,3,0
0,D,0,0,1,1,1,1,0,0,1,0,0,0,1,0,0,0,0,3,1,5,1,5,3,3,1,1,5,5,1,5,5,3,5,2,3,3,5,3,5,3,3,3,1,1,1,5,0
0,C,0,1,0,0,0,1,1,1,1,0,1,0,0,0,0,1,0,3,3,3,2,1,0,4,4,4,3,4,4,1,1,3,2,4,3,4,4,0,4,3,4,4,1,4,2,4,3
0,B,1,1,1,1,1,1,1,1,1,1,0,0,0,1,0,0,1,3,3,3,0,3,1,2,3,1,2,1,2,1,0,1,1,1,0,0,0,2,0,0,0,0,0,1,1,1,1
1,C,0,1,0,1,0,1,0,0,1,0,1,0,1,0,0,0,1,3,3,4,3,4,4,4,3,3,4,4,3,5,3,3,3,3,3,3,4,2,4,3,3,3,2,4,3,4,1
0,C,0,0,0,1,1,1,1,1,1,1,1,1,1,1,1,1,0,3,2,4,0,3,1,3,5,3,1,0,3,5,3,2,4,2,1,3,1,3,3,1,4,3,0,4,1,3,5
0,C,1,1,1,0,1,1,1,1,1,1,1,1,1,1,1,1,0,5,5,5,3,3,3,5,3,5,3,3,3,5,3,3,3,5,5,5,5,5,5,5,5,3,3,5,5,5,5
0,C,1,1,0,1,0,1,1,1,1,1,0,0,1,0,0,0,0,3,5,5,3,3,3,1,5,3,1,1,5,3,3,3,5,3,3,3,5,3,3,1,3,1,3,5,5,5,3
0,C,1,1,1,0,0,1,1,1,1,1,0,1,1,0,0,1,1,2,4,5,3,0,3,1,3,3,3,3,5,5,5,4,4,3,2,3,3,0,4,4,5,4,4,4,4,3,0
0,C,1,0,1,0,1,1,1,1,1,1,1,0,0,0,0,0,1,3,4,4,1,2,3,1,4,2,4,2,4,3,3,2,1,1,3,3,3,3,3,3,4,3,3,2,4,3,2
0,C,0,0,0,0,1,1,1,1,1,0,1,0,0,1,0,0,0,4,5,4,1,1,4,5,3,3,3,3,4,3,4,3,3,4,2,4,1,5,4,2,2,2,0,4,1,4,0
0,C,1,0,0,0,0,1,1,1,1,0,1,0,0,0,0,1,0,2,3,5,3,2,3,2,1,2,3,4,5,3,4,5,4,3,4,5,5,1,5,5,4,4,1,5,2,3,2
1,D,1,0,0,1,1,1,0,0,1,0,0,1,1,0,0,0,0,4,2,4,3,3,5,3,2,2,4,3,2,4,2,3,4,2,3,3,4,4,4,3,3,2,3,4,3,5,2
0,B,1,1,0,1,0,1,0,1,0,1,1,1,0,1,1,1,0,4,5,4,4,0,0,3,5,4,0,0,5,1,3,4,1,4,0,0,2,0,5,5,5,0,0,2,5,3,0
1,D,0,1,1,0,0,0,0,0,1,0,0,0,1,0,1,1,0,3,2,5,4,3,3,3,2,3,3,4,3,4,3,3,5,3,3,3,4,1,5,4,2,3,1,4,4,5,0
0,D,1,1,0,1,0,0,0,0,1,0,0,0,1,0,0,0,0,3,2,2,2,3,3,2,2,2,2,3,1,4,2,3,3,2,2,2,2,0,4,2,0,0,0,3,0,5,0
1,C,0,0,0,1,0,0,0,0,1,0,0,0,1,0,0,0,0,5,2,5,0,5,2,2,2,2,2,2,2,2,2,2,2,2,2,2,2,2,5,2,2,2,2,2,2,2,2
0,C,1,1,1,0,0,1,1,1,1,0,1,1,0,0,0,0,0,5,3,5,2,4,5,3,5,2,3,4,3,5,4,4,4,4,4,4,5,2,4,4,4,4,3,4,4,4,4
1,D,1,1,1,0,1,1,1,0,1,1,1,1,1,1,1,1,1,3,4,5,4,2,1,3,1,1,3,5,4,5,4,3,4,4,4,5,4,4,4,5,5,3,4,5,4,2,5
0,B,1,1,1,0,0,1,1,1,1,1,1,0,0,0,1,0,0,4,5,5,1,3,3,3,4,5,1,5,5,4,5,4,4,4,5,5,4,2,3,4,3,3,0,5,5,3,5
1,C,1,0,0,0,0,1,0,0,1,1,0,1,0,0,0,0,0,3,5,3,1,2,0,1,2,3,3,2,4,3,3,3,5,4,4,4,5,0,5,3,3,1,5,3,3,4,4
1,C,0,1,0,0,0,1,1,1,1,0,1,0,1,1,0,1,1,2,2,2,2,3,3,4,2,2,3,4,2,4,4,3,4,2,3,3,2,2,4,3,3,3,0,3,3,4,3
0,C,0,0,0,0,0,0,1,1,1,1,0,1,1,0,0,0,0,3,4,4,1,4,4,3,2,0,4,3,0,5,3,1,4,1,3,4,4,1,3,3,3,3,3,4,2,4,3
1,D,0,1,0,0,1,1,1,0,1,0,0,0,1,1,1,1,0,3,2,5,3,4,4,3,1,3,4,4,2,4,4,3,4,4,4,4,4,4,4,4,4,4,1,3,1,4,0
1,B,1,1,1,1,1,1,1,1,1,1,0,0,0,0,0,1,0,4,5,3,2,5,2,3,3,2,2,3,4,4,4,4,3,3,4,3,3,3,5,4,5,5,4,5,3,3,3
1,D,1,0,0,0,0,0,0,0,1,1,0,1,0,0,0,0,0,0,3,4,0,4,3,3,0,0,0,0,2,4,3,0,2,3,3,3,3,0,4,3,0,3,3,3,3,3,0
1,B,1,1,1,0,1,1,1,1,0,1,1,1,1,1,1,1,1,5,5,5,5,5,5,5,5,5,5,5,5,5,5,5,5,5,5,5,5,5,5,5,5,5,5,5,5,5,5
0,C,0,1,0,0,0,1,0,0,1,0,1,0,1,0,0,1,0,3,1,3,1,2,1,3,0,1,2,4,3,4,3,4,5,3,3,4,2,0,4,4,4,3,0,4,0,4,0
0,C,1,1,0,0,1,1,1,1,0,1,0,1,1,0,0,0,0,4,4,4,2,3,4,4,2,2,3,2,4,3,4,1,3,2,4,4,3,4,3,4,5,2,5,1,3,4,2
1,C,1,1,1,0,0,1,0,0,1,1,1,1,0,0,1,1,0,3,4,4,2,3,4,3,4,3,2,4,4,4,5,4,4,3,4,4,4,1,4,3,3,2,2,4,2,4,0
0,D,0,0,1,0,1,1,0,0,1,1,1,1,1,1,0,1,1,5,5,5,3,2,1,3,2,2,3,2,4,2,2,5,4,3,2,4,4,3,5,3,4,5,0,3,1,4,1
1,D,0,0,0,0,1,0,1,0,1,0,1,0,1,1,0,1,0,4,1,3,1,5,3,5,1,3,3,3,3,5,5,3,3,3,3,3,3,5,5,3,1,1,1,3,1,5,1
1,D,0,1,0,0,0,1,0,0,1,1,1,1,1,0,0,0,0,2,3,4,3,1,3,3,2,2,1,4,4,5,4,4,5,4,4,4,5,1,4,4,4,3,1,5,1,5,1
1,C,0,0,0,1,0,0,0,0,1,0,0,0,1,0,0,0,0,3,2,2,0,3,3,2,2,2,2,4,3,4,3,0,4,0,2,2,4,1,4,3,3,0,0,3,0,3,0
0,C,0,0,0,0,0,1,1,1,1,0,1,1,0,0,0,1,0,1,3,5,5,3,5,3,3,3,5,4,4,5,5,4,5,2,5,5,5,1,5,5,5,5,5,5,5,5,4
0,B,1,0,1,1,1,1,1,1,1,1,0,1,1,0,0,0,0,5,5,5,2,5,5,5,5,2,5,3,3,5,4,3,5,3,5,4,4,4,4,3,4,4,2,1,5,5,3
0,C,1,0,1,0,1,1,0,1,1,1,1,1,1,1,1,0,0,5,5,5,2,3,5,3,3,2,4,4,2,3,3,1,3,2,3,3,3,3,2,2,2,2,2,3,3,3,0
0,D,0,1,1,0,1,1,0,0,1,1,0,0,0,0,1,1,0,5,4,4,2,3,2,2,4,2,2,2,3,3,3,3,3,2,3,3,2,2,3,3,4,3,2,2,3,2,1
1,D,0,0,0,0,1,1,1,1,1,1,1,0,1,1,1,0,0,3,3,4,2,2,3,4,3,2,0,1,4,2,3,3,4,4,4,4,4,4,4,3,3,2,3,3,2,3,3
0,D,1,1,1,0,0,1,1,1,1,1,0,1,0,0,1,1,0,3,3,4,4,4,0,5,5,3,2,4,5,5,3,5,4,4,5,5,4,0,5,5,4,4,0,4,4,4,5
1,C,0,1,0,0,1,1,1,0,1,0,0,0,1,1,0,1,0,4,3,5,5,4,5,5,3,5,4,4,5,5,5,5,5,5,5,5,3,5,5,5,5,5,3,5,3,5,1
0,C,0,1,0,0,1,1,1,1,1,1,1,0,1,1,1,1,0,4,1,1,3,5,0,5,3,3,3,4,3,5,4,4,5,4,5,4,5,5,4,4,4,3,0,5,0,5,0
0,C,1,1,0,0,1,1,1,1,1,0,1,0,0,1,1,1,0,3,2,4,1,3,5,4,1,1,3,3,2,5,4,4,3,4,4,3,3,5,5,4,4,4,1,4,3,4,2
0,D,1,1,1,1,1,1,1,1,1,1,1,1,1,1,1,1,1,3,4,4,3,0,4,2,3,2,3,4,4,3,4,3,3,3,4,4,4,4,3,3,3,3,3,3,3,3,3
0,C,1,1,1,1,0,1,0,1,1,1,0,1,0,0,0,1,0,2,5,5,0,3,5,2,5,0,3,2,3,5,5,3,3,2,2,2,0,0,2,2,3,3,0,2,3,2,0
0,B,1,1,1,0,0,1,1,1,1,1,1,1,1,0,1,1,0,4,4,4,3,3,3,3,4,4,3,5,4,4,4,4,4,4,4,4,4,0,5,4,4,4,4,4,5,4,4
0,C,1,0,0,1,1,1,1,1,1,1,0,1,1,0,1,0,1,3,3,5,1,3,1,3,3,3,5,3,3,5,3,3,3,3,5,5,3,1,3,3,3,3,3,1,5,3,3
1,C,1,1,1,0,1,1,1,1,1,1,1,1,0,0,0,1,0,3,5,5,5,5,5,3,5,3,3,5,5,3,5,3,3,3,5,5,3,5,5,3,5,3,5,4,5,3,4
0,D,0,1,1,1,0,0,1,1,1,0,0,0,1,1,0,1,0,3,0,5,5,3,5,5,0,0,0,0,3,5,5,5,3,5,0,3,3,0,3,5,3,0,0,5,3,5,0
0,D,0,1,0,0,0,0,1,0,1,0,1,0,1,0,1,1,0,5,3,4,3,4,5,4,3,3,3,4,4,5,4,5,4,4,4,4,4,3,4,4,3,3,2,5,3,5,3
0,D,1,1,1,1,1,1,1,1,1,1,0,0,1,1,0,1,0,4,5,5,1,3,3,4,5,4,3,3,5,4,5,4,4,3,3,4,5,5,5,3,5,3,5,3,5,5,5
0,B,0,0,1,1,0,1,0,1,1,0,0,1,1,0,0,1,0,4,3,3,0,3,0,0,0,0,0,0,4,1,2,4,0,4,0,0,4,0,4,4,4,0,0,2,0,5,0
0,C,1,0,1,0,1,1,1,1,1,1,1,1,1,1,1,1,1,3,4,5,1,3,3,4,4,4,4,2,4,3,3,2,3,4,5,5,5,5,5,4,3,1,4,3,4,3,4
0,D,0,1,0,1,0,1,1,1,1,0,0,0,1,0,0,0,0,2,3,3,4,4,3,2,2,1,1,5,3,5,2,5,2,1,3,3,3,0,1,2,5,5,2,3,1,4,0
0,C,0,1,0,0,1,1,1,0,1,0,1,0,1,1,0,1,0,2,1,4,0,5,5,5,5,3,4,5,5,5,3,5,2,2,3,3,5,5,5,3,5,5,2,3,3,5,0
0,D,1,1,1,1,1,1,1,1,1,1,0,1,1,1,0,1,1,5,5,5,0,3,3,3,3,3,3,2,3,3,2,1,4,3,1,2,4,5,4,3,2,2,3,3,3,3,3
0,C,0,1,0,0,0,1,0,0,1,0,0,0,1,0,0,0,0,3,3,4,3,4,4,4,3,3,3,3,3,3,3,3,3,3,4,4,3,3,3,4,3,3,4,4,4,4,2
0,D,1,1,1,1,0,0,0,1,0,1,0,0,0,0,0,0,0,0,3,5,0,0,0,0,3,0,0,0,0,0,0,0,3,3,0,0,3,0,3,0,0,0,0,3,3,0,0
0,D,0,0,1,1,0,0,0,0,1,0,1,1,0,0,0,0,0,3,3,3,0,4,3,1,1,0,1,0,2,3,2,0,3,2,2,5,5,2,4,3,0,0,0,2,1,4,0
0,B,0,1,1,1,0,1,1,0,1,0,1,0,1,0,0,1,0,3,2,2,2,3,3,3,2,2,0,5,3,4,1,4,4,2,2,4,5,1,4,3,3,3,0,5,1,5,1
0,C,1,0,0,0,1,1,1,0,1,1,0,0,0,1,1,1,0,5,5,5,0,5,0,5,5,0,5,0,3,3,3,0,0,0,5,3,3,5,3,3,5,0,5,0,3,3,5
0,C,0,0,0,1,1,1,0,0,1,0,1,1,1,0,1,1,0,5,0,5,5,3,5,5,2,5,2,5,2,5,5,5,5,5,5,5,5,2,5,5,5,5,0,5,1,5,0
0,C,0,1,0,1,1,1,1,1,1,0,0,0,1,0,0,1,0,3,3,5,5,3,3,5,2,5,0,3,5,5,3,5,3,3,3,3,5,3,4,4,4,4,0,4,1,1,1
0,D,1,0,1,0,0,0,1,0,1,1,0,1,1,0,1,1,1,3,4,4,1,4,3,4,4,2,4,2,4,4,4,2,5,4,4,3,5,2,4,4,3,2,2,4,3,5,0
1,C,0,1,0,0,1,1,1,1,1,0,1,0,0,1,0,1,1,3,3,5,2,3,4,3,3,4,4,4,4,4,4,4,3,3,3,4,3,4,5,3,3,4,0,3,0,3,0
0,C,0,0,0,0,0,0,0,0,1,0,1,0,1,0,1,1,0,1,0,3,2,5,5,5,3,3,3,5,5,5,5,5,5,5,5,5,5,3,5,5,5,5,0,5,1,5,1
1,D,1,0,0,0,0,0,1,1,1,1,1,1,0,0,0,0,0,0,3,4,0,5,3,2,0,0,0,4,0,5,4,3,4,0,3,3,5,0,3,0,2,1,0,4,3,4,1
1,B,0,1,0,0,1,1,0,0,1,0,1,0,1,1,0,1,0,3,4,4,4,3,4,4,4,4,3,4,4,4,5,5,4,4,4,4,5,4,4,4,4,4,3,4,3,4,3
1,D,1,0,1,1,1,1,1,1,1,1,0,1,0,0,1,0,0,2,4,5,2,2,4,2,4,3,3,2,3,4,3,1,3,3,4,4,3,2,3,2,2,2,5,3,5,3,4
1,C,0,0,0,1,1,1,0,0,1,0,0,0,1,1,0,0,0,4,0,2,1,5,4,4,2,1,3,2,2,5,3,2,2,2,3,3,4,4,3,3,2,2,1,1,1,5,0
1,C,0,0,0,0,1,1,1,1,1,1,1,1,1,1,1,1,1,5,3,4,3,3,4,4,3,4,4,4,4,4,4,4,3,4,4,4,5,4,5,4,4,4,0,4,4,5,4
0,D,0,1,1,1,0,0,0,0,1,0,1,0,1,0,1,0,0,5,3,3,3,5,5,5,3,1,3,5,3,3,5,5,3,1,5,5,5,3,3,3,1,3,3,2,1,5,2
0,D,1,1,0,1,1,1,1,0,1,0,1,1,0,0,0,1,0,3,1,4,1,4,4,4,1,0,0,4,3,4,4,3,3,3,0,5,5,4,4,4,4,2,4,4,4,4,3
0,B,0,1,0,0,1,1,1,1,1,0,1,0,1,1,1,1,0,3,4,4,4,4,1,5,4,4,0,5,5,4,4,4,4,4,4,4,4,4,4,4,5,5,0,5,0,3,4
0,C,1,1,1,0,0,1,1,1,1,0,1,1,0,0,0,1,0,2,3,4,4,4,4,1,3,1,0,3,3,2,3,3,4,4,4,5,4,0,5,4,5,4,3,5,5,4,4
1,C,0,0,1,0,0,1,0,0,1,1,1,0,1,0,1,0,1,5,1,4,0,5,5,1,1,0,5,2,2,1,4,0,4,3,2,2,2,0,5,0,1,1,1,3,1,1,0
0,D,1,1,0,1,0,1,1,1,1,1,1,1,1,1,1,1,1,3,4,4,3,3,3,3,3,3,3,3,5,5,5,4,4,4,4,4,4,3,3,3,3,3,2,3,3,3,3
0,C,0,1,1,0,1,1,1,1,1,0,1,0,1,1,1,1,0,5,4,5,2,5,4,4,4,3,3,3,3,3,3,3,3,3,3,3,3,5,5,4,4,3,2,4,3,3,2
0,C,0,1,0,0,0,1,0,0,1,0,0,0,1,0,0,0,0,3,3,5,5,3,5,3,5,5,3,3,5,5,5,5,1,5,1,3,3,1,5,5,5,5,1,5,1,5,0
1,D,0,1,1,1,1,1,0,0,1,0,0,0,1,1,0,1,0,3,2,4,4,5,4,4,2,3,4,4,4,5,4,4,4,4,3,4,4,4,4,4,4,3,2,4,3,5,3
0,C,1,0,1,0,0,0,0,0,1,0,0,0,1,0,0,0,0,3,3,3,4,3,3,0,3,2,2,2,4,3,3,5,5,3,5,5,1,0,2,2,2,2,5,4,5,5,1
1,D,0,0,0,0,1,1,1,1,1,1,1,1,1,1,0,1,1,5,4,5,3,5,5,5,4,3,3,2,2,3,2,4,2,5,5,5,5,5,5,5,4,4,4,4,4,5,1
0,D,1,0,0,1,0,0,1,1,1,1,0,1,0,0,1,0,0,3,3,4,2,2,3,3,4,2,2,2,4,3,2,2,4,3,4,5,4,1,2,3,2,2,2,4,2,2,2
1,A,0,1,1,0,0,1,0,0,1,0,0,1,1,0,0,1,0,3,5,5,5,5,5,5,5,5,3,3,5,5,5,5,5,2,3,5,5,2,5,5,3,3,5,5,2,5,1
0,D,0,1,0,0,0,1,1,0,1,0,1,0,1,0,0,0,0,3,0,4,2,3,3,2,2,3,3,3,3,4,4,4,3,2,3,4,4,2,3,2,4,4,0,4,0,3,0
0,C,0,1,0,0,0,0,1,1,1,0,0,0,0,0,0,1,0,5,2,4,3,2,2,2,2,3,2,3,3,3,3,4,3,4,3,4,4,0,3,3,2,2,0,4,2,3,1
0,C,1,0,1,1,0,1,1,1,1,1,1,1,1,1,1,1,0,5,5,5,1,2,2,2,5,2,0,2,4,2,4,1,2,2,2,4,1,1,4,3,2,1,2,2,4,5,5
0,C,1,1,1,1,1,1,1,1,1,1,1,1,0,1,1,0,1,5,5,4,3,3,4,4,4,4,5,4,4,4,4,4,2,4,4,4,3,4,4,3,3,2,4,3,4,3,3
0,D,0,0,1,0,1,1,1,0,1,0,1,0,1,1,0,1,1,4,2,3,0,4,4,5,2,2,3,3,1,4,4,1,2,1,1,2,3,4,4,3,4,1,0,2,1,4,0
1,B,0,1,1,0,1,1,1,1,1,0,1,0,1,1,0,1,1,3,1,4,2,3,5,5,1,2,4,4,2,4,3,4,3,3,0,2,4,5,5,5,3,3,3,4,4,0,3
0,D,0,1,1,1,1,1,1,0,1,1,1,1,0,1,1,1,1,5,2,3,3,5,5,4,3,2,3,3,1,5,3,3,3,3,4,5,5,4,4,4,3,4,3,3,4,5,2
0,C,0,0,0,0,1,1,1,0,1,0,1,0,1,1,1,1,1,4,1,4,3,3,5,5,1,5,5,5,3,5,5,5,5,5,5,5,5,5,5,5,5,5,1,5,3,3,1
0,D,1,0,0,0,1,1,1,1,1,0,1,0,1,1,1,0,0,3,4,5,2,2,4,4,3,3,3,4,4,3,4,2,3,3,3,4,3,3,3,3,3,2,2,3,3,3,2
0,C,1,0,0,0,0,0,0,1,1,1,0,1,0,0,1,1,0,1,5,5,1,3,2,2,4,4,3,1,5,5,3,5,2,3,3,2,2,1,3,5,1,1,5,3,4,4,0
0,C,0,1,0,0,0,1,1,0,1,0,1,0,1,0,0,0,1,3,2,4,4,4,4,4,3,2,5,5,3,5,4,5,5,2,5,5,5,2,3,3,5,5,3,5,5,5,3
1,C,1,0,0,1,1,1,1,1,1,0,1,1,0,1,0,0,0,4,5,5,1,4,4,5,3,3,3,2,5,5,4,1,4,4,5,5,5,5,5,4,5,4,5,5,4,5,4
1,C,1,1,1,0,1,0,1,1,1,1,1,1,1,1,1,1,1,5,5,5,2,4,4,5,5,3,4,3,5,5,5,3,0,5,5,5,3,5,5,5,1,1,4,3,3,5,5
1,D,0,0,0,0,1,1,0,0,1,0,1,0,1,1,0,1,0,5,0,4,4,4,4,5,0,3,3,4,3,4,5,3,5,4,3,4,4,5,5,5,4,4,1,5,0,4,0
1,C,0,1,1,0,1,1,0,0,1,0,0,0,1,1,0,1,0,3,2,4,4,0,5,4,4,3,3,5,5,5,5,5,5,4,4,5,5,5,5,5,5,5,0,5,0,3,1
1,C,0,0,1,1,0,0,0,0,1,0,0,0,1,1,0,0,1,5,1,1,1,5,2,4,1,1,4,1,1,5,3,4,3,4,2,4,2,3,1,4,0,1,0,4,1,5,0
0,D,1,1,0,0,0,1,1,1,1,0,1,1,1,1,0,1,0,5,3,4,3,4,4,5,1,3,3,4,2,4,4,3,4,4,4,5,4,1,5,4,4,4,2,4,3,4,2
0,C,0,0,0,1,0,0,0,0,1,1,1,0,1,0,0,0,0,4,4,4,3,3,3,2,1,1,1,3,4,4,4,5,4,5,5,5,5,1,5,5,2,2,2,2,2,4,1
0,B,1,1,1,0,0,1,1,0,1,1,1,1,1,1,1,1,1,4,2,1,1,2,5,4,3,3,4,3,4,4,3,3,5,3,5,4,1,2,5,4,5,5,4,3,4,3,0
1,C,0,0,1,0,1,0,0,0,1,0,1,0,0,1,0,0,0,5,0,1,1,5,5,5,0,0,1,3,2,2,4,1,1,2,0,3,3,5,4,2,1,0,0,2,0,2,0
0,C,0,0,1,1,0,0,1,0,1,0,1,0,1,0,0,0,1,1,3,5,3,5,4,3,3,1,5,4,3,5,4,3,3,4,4,4,3,1,5,4,1,2,1,3,3,4,4
0,D,0,1,0,0,1,1,1,1,1,0,1,0,1,1,1,1,1,5,3,3,2,5,5,5,2,2,3,5,3,5,4,3,4,3,4,4,5,4,5,3,2,2,1,3,3,3,0
0,C,1,0,1,1,1,1,1,0,1,0,1,0,1,1,1,0,0,3,2,3,1,5,5,3,3,0,3,3,2,5,3,2,3,3,5,3,5,5,5,3,3,1,2,2,2,5,2
0,C,1,0,0,0,1,1,1,1,1,0,1,1,0,0,0,1,1,3,4,4,3,4,4,3,3,2,4,4,3,4,4,3,3,3,3,3,4,4,4,3,3,2,2,3,2,3,3
0,C,1,0,1,0,1,1,1,1,1,1,1,1,0,0,0,0,0,3,5,5,3,3,4,4,3,3,3,4,3,4,4,4,5,4,5,5,4,4,4,4,4,3,5,3,5,3,5
1,C,1,1,0,0,0,1,0,1,1,1,1,1,1,0,0,0,0,3,5,5,3,0,3,0,5,3,3,3,3,3,5,3,5,3,3,3,3,3,3,3,5,3,3,3,3,5,3
1,D,0,0,0,0,0,0,1,0,1,0,0,0,1,1,0,0,0,3,0,5,0,0,5,5,0,0,0,0,2,5,3,3,3,3,0,0,3,0,3,3,3,0,0,5,3,3,0
0,C,1,0,1,1,1,1,1,1,1,1,1,1,0,0,1,1,0,5,5,2,1,1,3,3,5,1,1,1,4,3,4,3,2,2,3,4,1,1,2,2,2,1,1,4,3,1,2
0,D,1,1,1,0,1,1,1,0,1,1,1,1,1,1,1,1,1,4,4,5,1,4,4,4,3,0,4,3,1,4,4,5,3,3,4,4,4,4,4,4,3,4,0,4,3,4,3
0,D,0,0,1,0,1,1,1,1,1,0,1,0,1,1,1,1,1,5,3,4,2,3,4,3,3,4,3,4,3,4,4,3,3,4,4,4,4,4,4,4,3,3,2,4,4,4,4
0,C,0,0,1,0,0,1,0,1,1,1,1,0,1,1,1,1,1,4,3,4,0,0,4,4,4,3,4,3,0,3,4,4,3,4,4,3,4,0,4,3,3,3,4,4,3,3,0
0,C,0,1,0,0,1,0,0,0,1,0,1,0,1,1,0,1,1,5,0,3,0,5,4,3,0,0,2,2,1,5,2,2,1,1,1,3,3,4,5,2,0,3,0,1,0,3,0
0,C,1,0,1,1,1,1,1,1,1,0,0,0,0,1,1,0,0,1,5,5,1,3,3,5,3,4,3,3,4,3,4,3,4,4,4,4,5,5,4,5,5,5,3,3,3,3,0
0,C,0,1,1,0,1,1,1,0,1,0,1,0,1,1,1,1,1,5,3,4,5,5,5,5,3,4,5,5,4,5,5,5,5,4,5,5,5,5,5,5,3,4,3,5,4,5,4
0,C,0,0,0,1,1,1,1,1,1,1,1,1,1,1,1,1,1,5,3,5,4,3,3,4,4,4,4,4,4,4,4,4,4,3,3,4,4,4,3,4,5,5,0,3,4,3,0
0,C,1,0,1,0,0,0,1,1,1,0,1,1,0,0,0,0,1,5,3,5,2,5,5,1,3,1,3,5,3,5,5,3,3,3,3,5,5,1,0,0,3,3,2,5,5,5,5
0,C,0,1,1,0,0,1,0,0,1,0,1,1,1,0,1,1,1,5,2,4,4,3,5,4,3,5,5,5,5,5,5,5,5,5,5,5,5,2,5,5,5,5,2,5,2,5,0
1,D,1,0,0,1,1,1,0,0,1,0,1,1,0,0,0,0,0,3,4,4,2,3,4,2,2,2,2,2,3,4,4,4,4,3,3,4,5,3,4,4,3,3,3,4,3,4,1
1,D,0,1,1,1,0,0,0,0,1,0,1,0,1,1,1,1,1,5,3,2,5,5,4,5,3,3,5,3,4,5,3,4,3,3,3,4,5,4,5,5,3,3,3,5,3,4,1
0,D,0,0,1,1,1,0,1,1,1,1,1,1,1,1,1,1,1,4,1,2,0,5,5,4,1,1,2,3,2,3,2,1,2,1,3,3,3,3,4,3,1,3,0,3,3,3,2
1,D,1,1,1,0,1,1,1,1,1,1,0,0,1,0,0,0,0,4,5,5,2,0,3,4,5,4,3,5,5,5,5,5,5,2,4,4,3,3,5,3,5,5,5,5,3,5,4
1,C,1,0,0,1,1,1,0,1,1,0,0,0,1,0,1,1,0,3,4,5,2,3,4,4,5,3,3,3,3,4,4,4,4,4,4,4,4,4,4,4,4,4,4,4,2,4,1
1,D,1,0,0,0,1,0,1,1,1,1,0,1,1,0,0,0,0,0,3,5,0,0,3,2,5,0,0,0,4,4,4,0,4,1,4,5,5,5,4,1,1,1,0,4,4,3,0
0,D,1,1,1,1,0,1,0,0,1,0,0,0,1,0,0,0,0,3,3,4,1,5,5,4,2,1,2,0,3,4,4,3,4,4,4,4,5,1,4,4,4,4,0,5,2,5,0
0,D,0,0,0,0,1,1,1,1,1,0,1,1,0,1,0,1,0,3,3,4,4,1,5,5,4,4,2,5,5,5,5,5,5,3,2,3,3,5,5,4,5,5,2,3,3,4,4
1,C,0,0,0,0,0,0,0,0,1,0,1,0,0,0,0,0,0,3,2,3,2,3,5,4,3,2,5,4,3,5,4,2,3,2,4,4,5,4,5,4,2,2,2,4,2,5,1
1,C,0,0,1,0,1,1,1,1,1,0,1,0,1,1,0,0,0,2,3,5,2,2,5,5,2,2,4,4,4,5,4,4,4,3,3,3,5,5,5,4,3,3,2,5,2,4,4
1,B,1,1,0,0,1,1,1,0,1,1,1,1,1,1,1,1,1,4,3,3,3,2,3,4,3,4,3,3,3,4,3,3,4,3,3,4,4,4,4,4,3,3,3,3,3,3,3
0,B,0,1,0,1,1,1,1,1,1,0,0,0,1,1,0,1,0,5,3,3,4,3,4,5,2,2,2,4,5,5,4,5,2,5,5,5,1,5,5,5,5,5,2,5,1,1,1
0,B,1,1,0,0,1,1,1,0,1,1,0,1,0,0,1,1,0,3,4,4,3,2,3,3,4,4,4,4,5,4,5,4,4,4,4,4,4,3,4,4,4,4,4,4,4,3,4
1,C,1,1,1,0,1,1,1,1,1,1,1,1,1,1,1,1,1,4,4,4,4,4,4,4,4,4,4,4,4,4,4,4,4,4,4,4,4,4,4,4,4,3,4,4,4,4,4
0,B,1,1,1,0,0,1,0,1,1,0,1,1,1,0,1,1,1,2,2,2,3,2,3,0,3,3,4,5,4,3,2,3,4,3,3,3,4,0,4,4,4,3,1,4,3,4,1
0,B,1,0,1,0,1,1,1,1,1,1,0,1,0,1,1,0,0,2,3,2,0,1,3,3,4,2,1,1,5,3,3,1,2,2,2,2,2,4,2,2,3,2,4,2,3,3,3
0,C,1,1,1,0,0,1,1,1,1,1,1,1,0,0,1,0,0,3,4,4,4,4,1,3,4,4,2,5,5,3,5,4,4,4,4,4,4,4,4,4,4,4,4,4,4,2,4
0,C,0,1,1,1,0,1,1,0,1,0,0,0,1,0,0,0,0,1,3,4,0,3,2,1,2,1,2,0,2,2,2,1,3,1,1,0,3,0,4,1,1,1,1,3,3,3,2
0,B,1,1,1,0,0,1,1,0,1,1,0,0,1,0,1,1,0,3,3,4,3,1,1,2,3,3,3,2,1,2,3,3,2,3,4,1,2,0,3,2,1,1,0,2,2,4,4
1,D,0,1,1,1,1,1,1,1,1,1,1,1,1,1,1,1,1,5,2,5,5,5,5,5,2,2,5,5,3,5,5,5,5,4,5,5,4,5,5,4,5,3,2,5,5,5,2
1,D,1,1,1,0,0,1,0,1,0,1,0,1,0,0,1,0,0,1,3,3,2,0,2,1,5,5,1,2,2,4,4,3,5,3,5,3,2,2,2,2,5,5,3,5,5,2,2
0,D,1,0,0,0,1,1,1,1,1,1,0,0,1,0,0,0,0,5,5,5,3,3,3,5,5,3,5,4,5,5,5,3,5,4,5,5,5,4,5,5,5,4,5,5,5,5,5
0,B,0,1,0,1,1,1,1,1,1,1,1,1,1,1,1,1,1,4,5,3,3,4,4,4,5,4,5,5,5,5,3,2,4,4,4,4,4,5,4,4,5,5,3,4,3,3,4
0,B,1,1,1,0,0,1,1,1,1,1,1,1,1,1,1,1,0,3,5,5,0,0,1,2,4,5,2,4,5,3,3,4,4,5,3,3,3,0,5,3,3,3,5,5,5,2,5
0,D,0,1,1,1,1,1,1,1,1,0,1,0,1,0,0,1,0,3,2,3,4,5,5,3,3,3,4,3,2,5,2,3,2,2,3,3,3,3,4,3,1,2,0,3,0,5,3
1,C,0,1,1,0,0,1,1,0,1,0,1,0,1,0,1,1,0,3,0,1,0,4,5,1,0,2,1,2,0,4,3,2,4,3,3,3,2,0,4,3,3,3,0,4,0,2,0
0,D,0,1,0,0,1,1,1,0,1,0,1,0,1,0,0,1,0,3,3,3,3,2,3,3,1,2,2,4,3,3,3,3,4,3,3,3,4,3,4,4,4,4,2,3,2,3,0
1,C,0,0,1,1,0,1,0,0,1,0,1,0,1,0,0,1,0,4,4,5,4,4,4,0,0,3,0,5,2,3,4,3,5,4,3,4,5,2,5,4,2,2,0,5,0,5,0
1,C,0,1,1,0,0,1,1,1,1,0,1,0,1,1,0,1,1,3,3,3,5,3,4,4,3,4,4,4,5,4,5,5,5,5,3,4,3,3,4,3,5,5,3,5,3,3,3
0,B,0,1,1,0,1,1,0,0,1,0,1,0,1,1,0,0,0,4,0,4,3,3,4,5,0,4,0,4,4,5,4,3,4,2,0,3,3,5,3,3,5,3,0,3,1,3,0
0,B,1,0,0,0,0,1,1,1,1,1,0,1,0,0,1,0,0,3,4,4,2,3,3,3,4,4,3,2,4,4,4,3,3,3,4,4,3,3,3,3,4,4,3,3,3,3,4
0,B,1,1,1,0,1,1,0,1,1,1,1,1,1,0,1,1,1,5,3,4,3,5,5,3,5,2,3,3,4,3,4,5,4,4,3,3,4,3,4,3,4,4,4,5,4,4,0
0,C,1,1,1,0,1,1,1,1,1,1,1,1,1,1,0,1,1,4,5,5,3,4,5,5,5,5,5,5,5,5,5,5,3,4,4,4,4,5,5,5,4,4,4,4,4,4,4
1,C,0,0,0,0,1,1,1,0,1,0,1,0,1,1,1,1,0,3,1,3,3,3,5,5,0,3,1,5,4,5,5,4,4,2,3,3,4,5,5,3,4,3,0,5,3,4,0
0,B,0,1,0,0,1,0,0,1,1,0,1,0,1,1,1,1,1,3,2,2,3,3,3,3,3,3,3,3,4,4,3,4,3,3,3,3,3,3,4,3,3,3,0,3,0,3,0
0,B,1,1,1,1,0,1,0,0,1,1,0,1,1,0,0,1,0,3,4,4,2,3,3,1,4,5,1,1,5,4,4,5,4,4,4,3,4,1,5,4,4,4,3,4,3,3,2
0,C,1,0,0,0,1,1,1,1,0,1,1,1,1,1,1,1,1,5,5,5,2,3,3,5,5,5,5,5,5,5,5,3,3,3,5,5,5,5,5,5,5,5,5,5,5,5,5
1,C,1,1,1,1,1,1,1,1,1,1,1,1,1,1,1,1,1,5,5,5,5,5,5,5,5,5,5,5,5,5,5,5,5,5,5,5,5,5,5,5,5,5,5,5,5,5,5
0,C,1,1,1,0,0,1,0,1,1,1,1,1,1,0,0,1,0,3,5,5,2,2,3,3,3,3,2,4,4,4,3,3,5,3,5,5,4,0,4,3,5,2,2,4,5,3,0
0,C,0,1,1,0,1,1,1,1,1,1,1,1,1,1,1,1,0,4,3,3,4,3,3,5,4,2,2,3,4,4,4,4,4,3,3,4,4,4,5,4,4,5,1,4,1,4,0
1,C,1,1,1,0,1,1,1,1,1,1,0,1,0,0,0,0,0,3,5,5,5,1,5,5,5,2,2,2,5,5,5,5,2,4,5,5,5,3,3,3,5,3,3,5,5,5,2
0,C,0,0,0,0,1,1,1,1,1,1,1,0,1,1,0,1,0,4,4,5,0,2,3,5,5,3,4,5,4,4,4,4,4,4,4,4,5,5,4,3,3,3,3,4,4,4,0
0,C,1,0,1,0,1,1,1,1,1,1,1,1,1,1,1,1,0,4,4,4,1,3,3,3,3,3,2,2,3,4,3,2,2,3,3,3,3,3,3,2,3,3,3,3,3,3,3
0,B,1,1,1,0,0,1,0,1,1,1,1,1,1,0,0,0,0,2,5,4,4,3,4,2,5,4,2,4,5,4,5,4,5,5,3,4,3,0,3,4,5,5,5,5,3,5,2
0,B,1,1,0,0,1,1,1,1,1,0,1,0,1,1,1,1,0,3,4,3,5,2,5,5,4,4,3,5,4,1,4,5,4,4,4,5,4,4,4,4,5,4,3,5,4,3,3
1,A,0,1,0,1,1,1,0,0,1,0,1,1,1,1,1,1,1,4,0,0,5,2,4,5,0,0,0,3,2,4,3,4,5,5,1,4,4,0,5,5,5,5,0,5,0,5,0
0,B,0,1,0,0,1,1,0,1,1,0,1,0,1,1,0,1,1,3,3,2,5,2,2,5,5,5,4,4,5,3,1,5,5,5,1,4,3,5,5,5,5,5,1,4,2,3,1
0,B,1,1,0,0,1,1,0,1,1,1,0,0,1,1,0,0,1,1,4,4,2,3,2,5,4,4,4,4,5,3,0,4,1,4,0,2,3,5,5,4,5,4,0,4,1,4,0
0,B,1,0,1,0,0,1,0,1,1,1,0,1,0,0,1,0,0,4,5,3,0,4,5,4,5,5,3,4,5,5,4,5,4,4,5,5,5,1,5,4,5,5,3,5,5,3,1
1,B,0,1,0,1,0,1,0,1,1,0,1,0,1,0,0,1,0,4,0,2,5,3,4,5,0,0,0,5,4,5,4,5,5,5,0,5,5,0,5,5,5,3,0,5,0,5,0
